insight_id,type,indicator,entity,period,value,prev_value,change_pct,severity,explanation
INS-0001,trend,anc_coverage,Ahmedabad,2026-08,69.0,85.0,-18.8,High,"Ahmedabad Anc Coverage dropped by 18.8% compared to the previous month (from 85.0 in 2026-07 to 69.0 in 2026-08), exceeding the 10% significant-change threshold."
INS-0002,trend,high_risk_cases,Ahmedabad,2026-08,13.0,10.0,30.0,High,"Ahmedabad High Risk Cases increased by 30.0% compared to the previous month (from 10.0 in 2026-07 to 13.0 in 2026-08), exceeding the 10% significant-change threshold."
INS-0003,trend,high_risk_cases,Bhavnagar,2026-08,15.0,17.0,-11.8,Low,"Bhavnagar High Risk Cases dropped by 11.8% compared to the previous month (from 17.0 in 2026-07 to 15.0 in 2026-08), exceeding the 10% significant-change threshold."
INS-0004,trend,anc_coverage,Mehsana,2026-08,42.0,84.0,-50.0,High,"Mehsana Anc Coverage dropped by 50.0% compared to the previous month (from 84.0 in 2026-07 to 42.0 in 2026-08), exceeding the 10% significant-change threshold."
INS-0005,trend,high_risk_cases,Mehsana,2026-08,28.0,11.0,154.6,High,"Mehsana High Risk Cases increased by 154.6% compared to the previous month (from 11.0 in 2026-07 to 28.0 in 2026-08), exceeding the 10% significant-change threshold."
INS-0006,trend,high_risk_cases,Vadodara,2026-08,6.0,7.0,-14.3,Medium,"Vadodara High Risk Cases dropped by 14.3% compared to the previous month (from 7.0 in 2026-07 to 6.0 in 2026-08), exceeding the 10% significant-change threshold."
INS-0007,outlier,anc_coverage,Mehsana,2026-08,42.0,78.33,-46.4,Medium,"Mehsana's Anc Coverage of 42.0 in 2026-08 is 2.8σ below the state mean (78), flagging for review."
INS-0008,outlier,high_risk_cases,Mehsana,2026-08,28.0,13.42,108.6,Medium,"Mehsana's High Risk Cases of 28.0 in 2026-08 is 2.6σ above the state mean (13), flagging for review."
INS-0009,outlier,anc_coverage,Ahmedabad,2026-08,69.0,78.33,-11.9,Low,"Ahmedabad's Anc Coverage of 69.0 in 2026-08 is beyond the lower IQR fence [69.9, 92.9], flagging for review."
INS-0010,outlier,immunization,Vadodara,2026-08,97.0,91.58,5.9,Low,"Vadodara's Immunization of 97.0 in 2026-08 is beyond the upper IQR fence [86.0, 96.0], flagging for review."
INS-0011,correlation,anc_coverage:high_risk_cases,State-wide,2026-07..2026-08,r=-0.93,n/a,n/a,High,Strong negative correlation (r = -0.93) identified between Anc Coverage & High Risk Cases. Note: Pearson correlation is fragile given small sample size (12 rows across 6 districts).
INS-0012,correlation,institutional_delivery:immunization,State-wide,2026-07..2026-08,r=0.98,n/a,n/a,High,Strong positive correlation (r = 0.98) identified between Institutional Delivery & Immunization. Note: Pearson correlation is fragile given small sample size (12 rows across 6 districts).
INS-0013,threshold_breach,anc_coverage,Ahmedabad,2026-08,69,70.0,-1.0,Low,Ahmedabad breached the critical minimum threshold for ANC Coverage in 2026-08: recorded 69% against clinical benchmark target of 70% (shortfall of 1.0%).
INS-0014,threshold_breach,anc_coverage,Mehsana,2026-08,42,70.0,-28.0,High,Mehsana breached the critical minimum threshold for ANC Coverage in 2026-08: recorded 42% against clinical benchmark target of 70% (shortfall of 28.0%).
